field,precision,recall,f1,true_positive
compound_id,0.9010989010989011,1.0,0.9479768786127168,82
smiles,0.0,0.0,0.0,0
target_type,0.9010989010989011,1.0,0.9479768786127168,82
target_relation,0.9010989010989011,1.0,0.9479768786127168,82
target_value,0.8901098901098901,0.9878048780487805,0.9364161849710982,81
target_units,0.9010989010989011,1.0,0.9479768786127168,82
bacteria,0.45054945054945056,0.5,0.4739884393063584,41
