field,precision,recall,f1,true_positive
compound_id,0.0,0.0,0.0,0
smiles,0.0,0.0,0.0,0
target_type,0.08163265306122448,1.0,0.15094339622641506,8
target_relation,0.08163265306122448,1.0,0.15094339622641506,8
target_value,0.030612244897959183,0.375,0.056603773584905655,3
target_units,0.08163265306122448,1.0,0.15094339622641506,8
bacteria,0.01020408163265306,0.125,0.018867924528301883,1
