field,precision,recall,f1,true_positive
compound_id,0.0,0.0,0.0,0
smiles,0.0,0.0,0.0,0
target_type,0.08316008316008316,1.0,0.15355086372360846,40
target_relation,0.08316008316008316,1.0,0.15355086372360846,40
target_value,0.018711018711018712,0.225,0.0345489443378119,9
target_units,0.0,0.0,0.0,0
bacteria,0.058212058212058215,0.7,0.10748560460652593,28
