field,precision,recall,f1,true_positive
compound_id,0.0,0.0,0.0,0
smiles,0.0,0.0,0.0,0
target_type,1.0,0.14906832298136646,0.2594594594594595,24
target_relation,1.0,0.14906832298136646,0.2594594594594595,24
target_value,0.5,0.07453416149068323,0.12972972972972974,12
target_units,0.0,0.0,0.0,0
bacteria,1.0,0.14906832298136646,0.2594594594594595,24
