field,precision,recall,f1,true_positive
compound_id,0.0,0.0,0.0,0
smiles,0.0,0.0,0.0,0
target_type,0.27350427350427353,1.0,0.4295302013422819,32
target_relation,0.27350427350427353,1.0,0.4295302013422819,32
target_value,0.07692307692307693,0.28125,0.12080536912751677,9
target_units,0.27350427350427353,1.0,0.4295302013422819,32
bacteria,0.0,0.0,0.0,0
