field,precision,recall,f1,true_positive
compound_id,0.015873015873015872,0.06666666666666667,0.025641025641025637,2
smiles,0.0,0.0,0.0,0
target_type,0.23809523809523808,1.0,0.3846153846153846,30
target_relation,0.07142857142857142,0.3,0.11538461538461536,9
target_value,0.09523809523809523,0.4,0.15384615384615385,12
target_units,0.23809523809523808,1.0,0.3846153846153846,30
bacteria,0.0,0.0,0.0,0
