field,precision,recall,f1,true_positive
compound_id,0.0,0.0,0.0,0
smiles,0.0,0.0,0.0,0
target_type,1.0,0.9509803921568627,0.9748743718592965,97
target_relation,1.0,0.9509803921568627,0.9748743718592965,97
target_value,0.3711340206185567,0.35294117647058826,0.3618090452261306,36
target_units,1.0,0.9509803921568627,0.9748743718592965,97
bacteria,0.0,0.0,0.0,0
