field,precision,recall,f1,true_positive
compound_id,0.0,0.0,0.0,0
smiles,0.0,0.0,0.0,0
target_type,1.0,0.6111111111111112,0.7586206896551725,33
target_relation,1.0,0.6111111111111112,0.7586206896551725,33
target_value,0.06060606060606061,0.037037037037037035,0.045977011494252866,2
target_units,0.0,0.0,0.0,0
bacteria,1.0,0.6111111111111112,0.7586206896551725,33
