field,precision,recall,f1,true_positive
compound_id,0.17133956386292834,0.22370714700755376,0.19405241935483872,385
smiles,0.0,0.0,0.0,0
target_type,0.7458834000890076,0.9738524113887275,0.844758064516129,1676
target_relation,0.7182910547396528,0.9378268448576409,0.813508064516129,1614
target_value,0.3426791277258567,0.4474142940151075,0.38810483870967744,770
target_units,0.5376056964842012,0.7019174898314933,0.6088709677419354,1208
bacteria,0.3408989764129951,0.4450900639163277,0.3860887096774193,766
