field,precision,recall,f1,true_positive
compound_id,0.2,0.05,0.08000000000000002,3
smiles,0.0,0.0,0.0,0
target_type,1.0,0.25,0.4,15
target_relation,1.0,0.25,0.4,15
target_value,0.06666666666666667,0.016666666666666666,0.02666666666666667,1
target_units,0.0,0.0,0.0,0
bacteria,1.0,0.25,0.4,15
