field,precision,recall,f1,true_positive
compound_id,0.021739130434782608,0.25,0.04,2
smiles,0.0,0.0,0.0,0
target_type,0.08695652173913043,1.0,0.16,8
target_relation,0.08695652173913043,1.0,0.16,8
target_value,0.05434782608695652,0.625,0.09999999999999999,5
target_units,0.08695652173913043,1.0,0.16,8
bacteria,0.0,0.0,0.0,0
