field,precision,recall,f1,true_positive
compound_id,0.0,0.0,0.0,0
smiles,0.0,0.0,0.0,0
target_type,0.4827586206896552,1.0,0.6511627906976745,112
target_relation,0.4827586206896552,1.0,0.6511627906976745,112
target_value,0.04741379310344827,0.09821428571428571,0.06395348837209301,11
target_units,0.2413793103448276,0.5,0.32558139534883723,56
bacteria,0.21120689655172414,0.4375,0.2848837209302325,49
