field,precision,recall,f1,true_positive
compound_id,0.0,0.0,0.0,0
smiles,0.0,0.0,0.0,0
target_type,1.0,0.7272727272727273,0.8421052631578948,8
target_relation,0.625,0.45454545454545453,0.5263157894736842,5
target_value,0.0,0.0,0.0,0
target_units,0.5,0.36363636363636365,0.4210526315789474,4
bacteria,0.75,0.5454545454545454,0.631578947368421,6
