{
  "smiles": "OC1=CC(C23C=CC4C5CN(CC2O)[CH]45C3)=CC=C1",
  "canonical_SMILES": null,
  "isomeric_SMILES": null,
  "smiles_valid": false,
  "molfile": "\n     RDKit          2D\n\n 19 23  0  0  0  0  0  0  0  0999 V2000\n   -0.0000   -2.5981    0.0000 C   0  0  0  0  0  0  0  0  0  0  0  0\n    0.7500   -1.2990    0.0000 C   0  0  0  0  0  5  0  0  0  0  0  0\n    1.5000    0.0000    0.0000 C   0  0  0  0  0  0  0  0  0  0  0  0\n    0.7500    1.2990    0.0000 C   0  0  0  0  0  0  0  0  0  0  0  0\n    1.5000    2.5981    0.0000 C   0  0  0  0  0  0  0  0  0  0  0  0\n    3.0000    2.5981    0.0000 C   0  0  0  0  0  0  0  0  0  0  0  0\n    3.7500    3.8971    0.0000 C   0  0  0  0  0  0  0  0  0  0  0  0\n    5.2500    3.8971    0.0000 O   0  0  0  0  0  0  0  0  0  0  0  0\n    3.0000    5.1962    0.0000 C   0  0  0  0  0  0  0  0  0  0  0  0\n    1.5000    5.1962    0.0000 C   0  0  0  0  0  0  0  0  0  0  0  0\n    0.7500    3.8971    0.0000 C   0  0  0  0  0  0  0  0  0  0  0  0\n    2.4462    0.5185    0.0000 C   0  0  0  0  0  0  0  0  0  0  0  0\n    3.3860    1.6876    0.0000 O   0  0  0  0  0  0  0  0  0  0  0  0\n    2.9888   -0.8799    0.0000 C   0  0  0  0  0  0  0  0  0  0  0  0\n    2.0490   -2.0490    0.0000 N   0  0  0  0  0  0  0  0  0  0  0  0\n    1.2990   -3.3481    0.0000 C   0  0  0  0  0  0  0  0  0  0  0  0\n   -0.7500    1.2990    0.0000 C   0  0  0  0  0  0  0  0  0  0  0  0\n   -1.5000    0.0000    0.0000 C   0  0  0  0  0  0  0  0  0  0  0  0\n   -0.7500   -1.2990    0.0000 C   0  0  0  0  0  0  0  0  0  0  0  0\n  1  2  1  1\n  1 16  1  0\n  1 19  1  0\n  2  3  1  0\n  2 15  1  0\n  2 19  1  0\n  3  4  1  0\n  4  5  1  0\n  4 12  1  0\n  4 17  1  6\n  5  6  1  0\n  5 11  2  0\n  6  7  2  0\n  7  8  1  0\n  7  9  1  0\n  9 10  2  0\n 10 11  1  0\n 12 13  1  1\n 12 14  1  0\n 14 15  1  0\n 15 16  1  0\n 17 18  2  0\n 18 19  1  0\nM  END\n",
  "confidence": 0.29318341787425944,
  "atoms": [
    {
      "atom_symbol": "C",
      "x": 0.905511811023622,
      "y": 0.07086614173228346,
      "confidence": 0.8958308100700378
    },
    {
      "atom_symbol": "[C@@H]",
      "x": 0.7874015748031497,
      "y": 0.1889763779527559,
      "confidence": 0.8268008041103428
    },
    {
      "atom_symbol": "C",
      "x": 0.6377952755905512,
      "y": 0.1889763779527559,
      "confidence": 0.617156982421875
    },
    {
      "atom_symbol": "[C@]",
      "x": 0.5669291338582677,
      "y": 0.41732283464566927,
      "confidence": 0.7739751687750921
    },
    {
      "atom_symbol": "C",
      "x": 0.41732283464566927,
      "y": 0.41732283464566927,
      "confidence": 0.907371997833252
    },
    {
      "atom_symbol": "C",
      "x": 0.3464566929133858,
      "y": 0.6377952755905512,
      "confidence": 0.9102534055709839
    },
    {
      "atom_symbol": "C",
      "x": 0.1968503937007874,
      "y": 0.6377952755905512,
      "confidence": 0.9082511067390442
    },
    {
      "atom_symbol": "O",
      "x": 0.12598425196850394,
      "y": 0.8740157480314961,
      "confidence": 0.9043207764625549
    },
    {
      "atom_symbol": "C",
      "x": 0.12598425196850394,
      "y": 0.41732283464566927,
      "confidence": 0.9072015881538391
    },
    {
      "atom_symbol": "C",
      "x": 0.1968503937007874,
      "y": 0.1889763779527559,
      "confidence": 0.9084973931312561
    },
    {
      "atom_symbol": "C",
      "x": 0.3464566929133858,
      "y": 0.1889763779527559,
      "confidence": 0.9058815240859985
    },
    {
      "atom_symbol": "[C@@H]",
      "x": 0.6377952755905512,
      "y": 0.6377952755905512,
      "confidence": 0.8049596624751983
    },
    {
      "atom_symbol": "O",
      "x": 0.5748031496062992,
      "y": 0.8661417322834646,
      "confidence": 0.9055227637290955
    },
    {
      "atom_symbol": "C",
      "x": 0.7874015748031497,
      "y": 0.6377952755905512,
      "confidence": 0.9063282608985901
    },
    {
      "atom_symbol": "N",
      "x": 0.8661417322834646,
      "y": 0.41732283464566927,
      "confidence": 0.5387353897094727
    },
    {
      "atom_symbol": "C",
      "x": 0.8818897637795275,
      "y": 0.28346456692913385,
      "confidence": 0.6719220876693726
    },
    {
      "atom_symbol": "C",
      "x": 0.6771653543307087,
      "y": 0.28346456692913385,
      "confidence": 0.8809774518013
    },
    {
      "atom_symbol": "C",
      "x": 0.7952755905511811,
      "y": 0.28346456692913385,
      "confidence": 0.8942941427230835
    },
    {
      "atom_symbol": "[C@H]",
      "x": 0.8818897637795275,
      "y": 0.28346456692913385,
      "confidence": 0.5403323868239723
    }
  ],
  "bonds": [
    {
      "bond_type": "solid wedge",
      "endpoint_atoms": [
        0,
        1
      ],
      "confidence": 0.9999731779098511
    },
    {
      "bond_type": "single",
      "endpoint_atoms": [
        0,
        15
      ],
      "confidence": 0.9997544288635254
    },
    {
      "bond_type": "single",
      "endpoint_atoms": [
        0,
        18
      ],
      "confidence": 0.8750320374965668
    },
    {
      "bond_type": "single",
      "endpoint_atoms": [
        1,
        2
      ],
      "confidence": 0.9999960660934448
    },
    {
      "bond_type": "single",
      "endpoint_atoms": [
        1,
        14
      ],
      "confidence": 0.9983680546283722
    },
    {
      "bond_type": "single",
      "endpoint_atoms": [
        1,
        18
      ],
      "confidence": 0.979398787021637
    },
    {
      "bond_type": "single",
      "endpoint_atoms": [
        2,
        3
      ],
      "confidence": 0.9991897642612457
    },
    {
      "bond_type": "single",
      "endpoint_atoms": [
        3,
        4
      ],
      "confidence": 0.9992787539958954
    },
    {
      "bond_type": "single",
      "endpoint_atoms": [
        3,
        11
      ],
      "confidence": 1.0
    },
    {
      "bond_type": "dashed wedge",
      "endpoint_atoms": [
        3,
        16
      ],
      "confidence": 0.7201778590679169
    },
    {
      "bond_type": "single",
      "endpoint_atoms": [
        4,
        5
      ],
      "confidence": 0.9999974370002747
    },
    {
      "bond_type": "double",
      "endpoint_atoms": [
        4,
        10
      ],
      "confidence": 0.9999997615814209
    },
    {
      "bond_type": "double",
      "endpoint_atoms": [
        5,
        6
      ],
      "confidence": 0.9999982118606567
    },
    {
      "bond_type": "single",
      "endpoint_atoms": [
        6,
        7
      ],
      "confidence": 0.9999994039535522
    },
    {
      "bond_type": "single",
      "endpoint_atoms": [
        6,
        8
      ],
      "confidence": 0.9999955296516418
    },
    {
      "bond_type": "double",
      "endpoint_atoms": [
        8,
        9
      ],
      "confidence": 0.9999996423721313
    },
    {
      "bond_type": "single",
      "endpoint_atoms": [
        9,
        10
      ],
      "confidence": 0.9999955892562866
    },
    {
      "bond_type": "solid wedge",
      "endpoint_atoms": [
        11,
        12
      ],
      "confidence": 0.9995795488357544
    },
    {
      "bond_type": "single",
      "endpoint_atoms": [
        11,
        13
      ],
      "confidence": 0.9999979138374329
    },
    {
      "bond_type": "single",
      "endpoint_atoms": [
        13,
        14
      ],
      "confidence": 0.999999463558197
    },
    {
      "bond_type": "single",
      "endpoint_atoms": [
        14,
        15
      ],
      "confidence": 0.9999980926513672
    },
    {
      "bond_type": "double",
      "endpoint_atoms": [
        16,
        17
      ],
      "confidence": 0.9999997019767761
    },
    {
      "bond_type": "single",
      "endpoint_atoms": [
        17,
        18
      ],
      "confidence": 0.6363767087459564
    }
  ]
}