field,precision,recall,f1,true_positive
compound_id,0.0,0.0,0.0,0
smiles,0.0,0.0,0.0,0
target_type,1.0,0.3149171270718232,0.4789915966386554,57
target_relation,1.0,0.3149171270718232,0.4789915966386554,57
target_value,0.0,0.0,0.0,0
target_units,0.9122807017543859,0.287292817679558,0.4369747899159664,52
bacteria,0.0,0.0,0.0,0
