field,precision,recall,f1,true_positive
compound_id,0.0,0.0,0.0,0
smiles,0.0,0.0,0.0,0
target_type,1.0,0.45454545454545453,0.625,15
target_relation,0.13333333333333333,0.06060606060606061,0.08333333333333333,2
target_value,0.13333333333333333,0.06060606060606061,0.08333333333333333,2
target_units,0.0,0.0,0.0,0
bacteria,0.0,0.0,0.0,0
