,tp,fp,fn,precision,recall,f1
name_cocrystal,1.6923076923076923,1.4615384615384615,0.38461538461538464,0.6384615384615385,0.8307692307692308,0.6820512820512821
ratio_cocrystal,1.3076923076923077,1.8461538461538463,0.7692307692307693,0.48461538461538467,0.6384615384615385,0.5153846153846153
name_drug,1.3076923076923077,1.8461538461538463,0.7692307692307693,0.46153846153846156,0.5384615384615384,0.48717948717948717
SMILES_drug,0.0,3.1538461538461537,2.076923076923077,0.0,0.0,0.0
name_coformer,0.46153846153846156,2.6923076923076925,1.6153846153846154,0.19230769230769232,0.23076923076923078,0.20512820512820512
SMILES_coformer,0.23076923076923078,2.923076923076923,1.8461538461538463,0.0923076923076923,0.15384615384615385,0.10256410256410257
photostability_change,0.46153846153846156,2.6923076923076925,1.6153846153846154,0.0641025641025641,0.10256410256410256,0.07692307692307693
