field,precision,recall,f1,true_positive
compound_id,0.93,1.0,0.9637305699481865,186
smiles,0.0,0.0,0.0,0
target_type,0.93,1.0,0.9637305699481865,186
target_relation,0.93,1.0,0.9637305699481865,186
target_value,0.92,0.989247311827957,0.9533678756476685,184
target_units,0.0,0.0,0.0,0
bacteria,0.615,0.6612903225806451,0.6373056994818652,123
