field,precision,recall,f1,true_positive
compound_id,0.0,0.0,0.0,0
smiles,0.0,0.0,0.0,0
target_type,1.0,0.6363636363636364,0.7777777777777778,14
target_relation,0.21428571428571427,0.13636363636363635,0.16666666666666663,3
target_value,0.14285714285714285,0.09090909090909091,0.1111111111111111,2
target_units,0.0,0.0,0.0,0
bacteria,0.42857142857142855,0.2727272727272727,0.33333333333333326,6
