field,precision,recall,f1,true_positive
compound_id,0.0,0.0,0.0,0
smiles,0.0,0.0,0.0,0
target_type,0.7142857142857143,1.0,0.8333333333333333,30
target_relation,0.7142857142857143,1.0,0.8333333333333333,30
target_value,0.5714285714285714,0.8,0.6666666666666666,24
target_units,0.2857142857142857,0.4,0.3333333333333333,12
bacteria,0.0,0.0,0.0,0
