field,precision,recall,f1,true_positive
compound_id,0.027777777777777776,0.009615384615384616,0.014285714285714287,1
smiles,0.0,0.0,0.0,0
target_type,1.0,0.34615384615384615,0.5142857142857142,36
target_relation,1.0,0.34615384615384615,0.5142857142857142,36
target_value,0.3055555555555556,0.10576923076923077,0.15714285714285714,11
target_units,0.5555555555555556,0.19230769230769232,0.28571428571428575,20
bacteria,0.9166666666666666,0.3173076923076923,0.47142857142857136,33
