field,precision,recall,f1,true_positive
compound_id,0.0,0.0,0.0,0
smiles,0.0,0.0,0.0,0
target_type,0.7272727272727273,1.0,0.8421052631578948,16
target_relation,0.7272727272727273,1.0,0.8421052631578948,16
target_value,0.09090909090909091,0.125,0.10526315789473685,2
target_units,0.7272727272727273,1.0,0.8421052631578948,16
bacteria,0.7272727272727273,1.0,0.8421052631578948,16
