field,precision,recall,f1,true_positive
compound_id,0.03333333333333333,0.05,0.04,2
smiles,0.0,0.0,0.0,0
target_type,0.6666666666666666,1.0,0.8,40
target_relation,0.6666666666666666,1.0,0.8,40
target_value,0.23333333333333334,0.35,0.28,14
target_units,0.0,0.0,0.0,0
bacteria,0.6666666666666666,1.0,0.8,40
