pdf,filename
0929867329666220407094430,0929867329666220407094430.pdf
1570180811666140725185713,1570180811666140725185713.pdf
cjoc.202200326,cjoc.202200326.pdf
j.molstruc.2022.133946,j.molstruc.2022.133946.pdf
