field,precision,recall,f1,true_positive
compound_id,0.0,0.0,0.0,0
smiles,0.0,0.0,0.0,0
target_type,0.38613861386138615,1.0,0.5571428571428572,39
target_relation,0.37623762376237624,0.9743589743589743,0.5428571428571428,38
target_value,0.22772277227722773,0.5897435897435898,0.32857142857142857,23
target_units,0.38613861386138615,1.0,0.5571428571428572,39
bacteria,0.0,0.0,0.0,0
