field,precision,recall,f1,true_positive
compound_id,0.0,0.0,0.0,0
smiles,0.0,0.0,0.0,0
target_type,0.9,1.0,0.9473684210526316,36
target_relation,0.9,1.0,0.9473684210526316,36
target_value,0.1,0.1111111111111111,0.10526315789473685,4
target_units,0.9,1.0,0.9473684210526316,36
bacteria,0.825,0.9166666666666666,0.8684210526315789,33
